<?xml version="1.0" encoding="UTF-8" standalone="no"?>
<documents xmlns="http://govtalk.gov.uk/hmrc/gis/content/1">
	<document>
		<header>
			<title>1234567_20160630</title>
			<format>pdf</format>
			<mime_type>application/pdf</mime_type>
			<store>true</store>
			<source>dfs</source>
			<target>DMS</target>
			<reconciliation_id>1234567_20160630</reconciliation_id>
		</header>
		<metadata>
			<attribute>
				<attribute_name>hmrc_time_of_receipt</attribute_name>
				<attribute_type>time</attribute_type>
				<attribute_values>
				<attribute_value>20/05/2014 16:37:38</attribute_value>
				</attribute_values>
			</attribute>
			<attribute>
				<attribute_name>time_xml_created</attribute_name>
				<attribute_type>time</attribute_type>
				<attribute_values>
				<attribute_value>20/05/2014 16:37:38</attribute_value>
				</attribute_values>
			</attribute>
			<attribute>
				<attribute_name>submission_reference</attribute_name>
				<attribute_type>string</attribute_type>
				<attribute_values>
				<attribute_value>1234567_20160630</attribute_value>
				</attribute_values>
			</attribute>
			<attribute>
				<attribute_name>form_id</attribute_name>
				<attribute_type>string</attribute_type>
				<attribute_values>
				<attribute_value>CWF1</attribute_value>
				</attribute_values>
			</attribute>
			<attribute>
				<attribute_name>number_pages</attribute_name>
				<attribute_type>integer</attribute_type>
				<attribute_values>
				<attribute_value>4</attribute_value>
				</attribute_values>
			</attribute>
			<attribute>
				<attribute_name>source</attribute_name>
				<attribute_type>string</attribute_type>
				<attribute_values>
				<attribute_value>dfs</attribute_value>
				</attribute_values>
			</attribute>
			<attribute>
				<attribute_name>customer_id</attribute_name>
				<attribute_type>string</attribute_type>
				<attribute_values>
				<attribute_value>JG123456</attribute_value>
				</attribute_values>
			</attribute>
			<attribute>
				<attribute_name>submission_mark</attribute_name>
				<attribute_type>string</attribute_type>
				<attribute_values>
				<attribute_value>T9o8YFGmzS984Pzwez9kBX3k1+4=</attribute_value>
				</attribute_values>
			</attribute>
			<attribute>
				<attribute_name>cas_key</attribute_name>
				<attribute_type>string</attribute_type>
				<attribute_values>
				<attribute_value>3VGOFN0BKBCSEe9SJ4N393P1OHSG419234UEP305DL5OE289T1G4T</attribute_value>
				</attribute_values>
			</attribute>
			<attribute>
				<attribute_name>classification_type</attribute_name>
				<attribute_type>string</attribute_type>
				<attribute_values>
				<attribute_value>PSA-P87-Expenses</attribute_value>
				</attribute_values>
			</attribute>
			<attribute>
				<attribute_name>business_area</attribute_name> 
				<attribute_type>string</attribute_type> 
				<attribute_values>
				<attribute_value>PSA</attribute_value> 
				</attribute_values>
			</attribute>
			<attribute>
				<attribute_name>attachment_count</attribute_name> 
				<attribute_type>int</attribute_type> 
				<attribute_values>
				<attribute_value>2</attribute_value> 
				</attribute_values>
			</attribute>
			
		</metadata>
	</document>
</documents>
